model,details,split,mse,mae,r2,target
ResNet18,90 fit epochs,valid,0.02107567898929119,0.09461501240730286,0.44161759481618634,topleft
ResNet18,90 fit epochs,train,0.006928533315658569,0.04729495942592621,0.6965157026077373,topleft
ResNet18,90 fit epochs,valid,0.006819246802479029,0.06140950322151184,-0.11907650316579932,center
ResNet18,90 fit epochs,train,0.016759591177105904,0.0698239877820015,-1.5759609700440596,center
