model,details,split,mse,mae,r2,target
ResNet18,90 fit epochs,valid,0.02107567898929119,0.09461501240730286,0.44161759481618634,topleft
ResNet18,90 fit epochs,train,0.006928533315658569,0.04729495942592621,0.6965157021675525,topleft
ResNet18,90 fit epochs,valid,0.003279102500528097,0.032107874751091,0.4257295094926842,center
ResNet18,90 fit epochs,train,0.0026112208142876625,0.02975848875939846,0.553456588633748,center
