epoch,train_loss,valid_loss,mae,r2_score,time
24,0.021323462948203087,0.10367239266633987,0.5814095459379205,00:00
