epoch,train_loss,valid_loss,mae,r2_score,time
0,0.006928532384335995,0.04729495197534561,0.8852792629173207,00:02
