epoch,train_loss,valid_loss,mae,r2_score,time
0,0.006819247268140316,0.061409495770931244,0.4138174095970345,00:00
