epoch,train_loss,valid_loss,mae,r2_score,time
89,0.0029636123217642307,0.04105638712644577,0.772542682870905,00:00
