epoch,train_loss,valid_loss,mae,time
0,3.624415636062622,0.4082525968551636,0.5410934686660767,00:09
1,3.4832730293273926,0.41782498359680176,0.5046782493591309,00:09
2,3.42645263671875,0.5405517220497131,0.5834022760391235,00:09
