model,details,split,r2_score,mse,mae,target
RF,default params,train,0.9757203766090076,0.0014085834845900536,0.018763115629553795,topleft
RF,default params,train,0.9827535507820068,0.00021775535424239933,0.009265542030334473,center
RF,default params,valid,0.8380022784292227,0.009359095245599747,0.052582260221242905,topleft
RF,default params,valid,0.8726459062797264,0.0016022889176383615,0.02584470435976982,center
