model,details,target,split,r2,mse,mae,dist_avg,dist_r2,sqdist_avg,sqdist_r2
RF Feats,"feats 11,12,22",topleft,train,0.9998672434455103,8.241097020800225e-06,0.00038471934385597706,0.000756224209908396,0.9974655983969569,1.6482195860589854e-05,0.9998600168182747
RF Feats,"feats 11,12,22",center,train,0.9970957588615412,3.663095776573755e-05,0.0027683658991008997,0.004838216118514538,0.966447938233614,7.326190825551748e-05,0.9970963599625975
RF Feats,"feats 11,12,22",topleft,valid,0.999743202483583,1.5258829080266878e-05,0.0006199845811352134,0.0012399691622704268,0.9957210761494935,3.051766179851256e-05,0.9997335779771674
RF Feats,"feats 11,12,22",center,valid,0.9771860674468196,0.00028100062627345324,0.00834470521658659,0.014313403517007828,0.9004369825124741,0.0005620012525469065,0.977648152038455
Lasso Feats,"alpha=1; feats 11,12,22",topleft,train,0.909307482637673,0.005253153387457132,0.04693589359521866,0.07454574108123779,0.7501682043075562,0.01050630770623684,0.9107700064778328
Lasso Feats,"alpha=1; feats 11,12,22",center,train,0.9203510628615736,0.0010057520121335983,0.0234371405094862,0.03747762739658356,0.7401001453399658,0.0020115035586059093,0.9202766790986061
Lasso Feats,"alpha=1; feats 11,12,22",topleft,valid,0.6924497632981301,0.017654776573181152,0.08195162564516068,0.13045889139175415,0.5498084127902985,0.035309549421072006,0.691744327545166
Lasso Feats,"alpha=1; feats 11,12,22",center,valid,0.8421148088774588,0.0019818737637251616,0.03359488025307655,0.05330542102456093,0.6292112469673157,0.003963747527450323,0.8423542827367783
