model,details,split,mse,mae,r2,target,id
Net3,10 fit epochs,valid,0.002067317720502615,0.03390401974320412,0.5886717212074541,center,0
Net3,10 fit epochs,train,0.0012231310829520226,0.02684113383293152,0.788757984037502,center,1
Net3,10 fit epochs,valid,0.01995079033076763,0.10222040116786957,0.17711183750272153,topleft,2
Net3,10 fit epochs,train,0.014677469618618488,0.08929050713777542,0.34782820474374493,topleft,3
