,model,details,target,split,mse,mae,r2,dist_avg,dist_r2,sqdist_avg,sqdist_r2
0,FeatsNet2.1122,"feats=11,12 | epochs=90, lr=1e-2",topleft,valid,0.0006818269612267613,0.0193005483597517,0.9641552962200161,0.02951248362660408,0.8633924871683121,0.001363653689622879,0.9786626845598221
1,FeatsNet2.1122,"feats=11,12 | epochs=90, lr=1e-2",topleft,train,0.000596824218519032,0.01821311190724373,0.9697444379433483,0.028530117124319077,0.8786948919296265,0.0011936487862840295,0.9842864237725735
