model,details,split,r2_score,mse,mae,target
Lasso,alpha=1,train,0.909307482637673,0.005253153387457132,0.04693589359521866,topleft
Lasso,alpha=1,train,0.9203510628615736,0.0010057520121335983,0.0234371405094862,center
Lasso,alpha=1,valid,0.6924497632981301,0.017654776573181152,0.08195162564516068,topleft
Lasso,alpha=1,valid,0.8421148088774588,0.0019818737637251616,0.03359488025307655,center
